{
    "org.joda.time.tz.TestCompiler.main(java.lang.String[])": 0.10909383919680743,
    "org.joda.time.tz.TestCompiler.suite()": 0.10827730501054146,
    "org.joda.time.tz.TestCompiler.TestCompiler(java.lang.String)": 0.048101720658777346,
    "org.joda.time.tz.TestCompiler.setUp()": 0.19457256235605844,
    "org.joda.time.tz.TestCompiler.tearDown()": 0.16527130667591286,
    "org.joda.time.tz.TestCompiler.Anonymous-c48b3e2e-1da4-4625-b2af-02560affd7a8.run()": 0.5582113786071127,
    "org.joda.time.tz.TestCompiler.getTestDataTimeZoneBuilder()": 0.04893899725505948,
    "org.joda.time.tz.TestCompiler.testCompile()": 0.06254079918073917,
    "org.joda.time.tz.TestCompiler.compileAndLoad(java.lang.String)": 0.07011704851439543,
    "org.joda.time.tz.TestCompiler.createDataFile(java.lang.String)": 0.08319996822986005,
    "org.joda.time.tz.TestCompiler.makeTempDir()": 0.07803914969881966,
    "org.joda.time.tz.TestCompiler.deleteOnExit(java.io.File)": 0.01953603633837963,
    "org.joda.time.tz.TestCompiler.test_2400_fromDay()": 0.1423176010980342,
    "org.joda.time.tz.TestCompiler.test_2400_last()": 0.12524306516936648,
    "org.joda.time.tz.TestCompiler.test_Amman_2003()": 0.27412795286142644,
    "org.joda.time.tz.TestCompiler.test_Amman_2004()": 0.27412795286142644,
    "org.joda.time.tz.TestCompiler.test_Amman_2005()": 0.2771470838531095,
    "org.joda.time.tz.TestCompiler.test_Amman_2006()": 0.27412795286142644
}