{
    "org.joda.time.TestDays.main(java.lang.String[])": 0.014935047404411348,
    "org.joda.time.TestDays.suite()": 0.03764254186599129,
    "org.joda.time.TestDays.TestDays(java.lang.String)": 0.008619911695234064,
    "org.joda.time.TestDays.setUp()": 0.011125173798317768,
    "org.joda.time.TestDays.tearDown()": 0.011125173798317768,
    "org.joda.time.TestDays.testConstants()": 0.4868179638348311,
    "org.joda.time.TestDays.testFactory_days_int()": 0.3043575797521787,
    "org.joda.time.TestDays.testFactory_daysBetween_RInstant()": 0.464583525241717,
    "org.joda.time.TestDays.testFactory_daysBetween_RPartial_LocalDate()": 0.5183440590338753,
    "org.joda.time.TestDays.testFactory_daysBetween_RPartial_YearMonth()": 0.5297760996850672,
    "org.joda.time.TestDays.testFactory_daysIn_RInterval()": 0.3470326868547775,
    "org.joda.time.TestDays.testFactory_standardDaysIn_RPeriod()": 0.3427894890109116,
    "org.joda.time.TestDays.testFactory_parseDays_String()": 0.3316823676293174,
    "org.joda.time.TestDays.testGetMethods()": 0.2822489742131584,
    "org.joda.time.TestDays.testGetFieldType()": 0.2546118992703134,
    "org.joda.time.TestDays.testGetPeriodType()": 0.2546118992703134,
    "org.joda.time.TestDays.testIsGreaterThan()": 0.26628209394962943,
    "org.joda.time.TestDays.testIsLessThan()": 0.26628209394962943,
    "org.joda.time.TestDays.testToString()": 0.22587196686426836,
    "org.joda.time.TestDays.testSerialization()": 0.12732212521315744,
    "org.joda.time.TestDays.testToStandardWeeks()": 0.16942710954744086,
    "org.joda.time.TestDays.testToStandardHours()": 0.16181873194735985,
    "org.joda.time.TestDays.testToStandardMinutes()": 0.15999510251437724,
    "org.joda.time.TestDays.testToStandardSeconds()": 0.15487323074312911,
    "org.joda.time.TestDays.testToStandardDuration()": 0.18758251133663498,
    "org.joda.time.TestDays.testPlus_int()": 0.33744273842791933,
    "org.joda.time.TestDays.testPlus_Days()": 0.37967069526418173,
    "org.joda.time.TestDays.testMinus_int()": 0.33744273842791933,
    "org.joda.time.TestDays.testMinus_Days()": 0.37967069526418173,
    "org.joda.time.TestDays.testMultipliedBy_int()": 0.2676326152189701,
    "org.joda.time.TestDays.testDividedBy_int()": 0.2511304939105006,
    "org.joda.time.TestDays.testNegated()": 0.2664861029918683,
    "org.joda.time.TestDays.testAddToLocalDate()": 0.16256383634717114,
    "org.joda.time.TestMonths.main(java.lang.String[])": 0.014935047404411348,
    "org.joda.time.TestMonths.suite()": 0.03764254186599129,
    "org.joda.time.TestMonths.TestMonths(java.lang.String)": 0.008619911695234064,
    "org.joda.time.TestMonths.setUp()": 0.011125173798317768,
    "org.joda.time.TestMonths.tearDown()": 0.011125173798317768,
    "org.joda.time.TestMonths.testConstants()": 0.1225838533231856,
    "org.joda.time.TestMonths.testFactory_months_int()": 0.008536421225792915,
    "org.joda.time.TestMonths.testFactory_monthsBetween_RInstant()": 0.1546763298906871,
    "org.joda.time.TestMonths.testFactory_monthsBetween_RPartial_LocalDate()": 0.17145328401895504,
    "org.joda.time.TestMonths.testFactory_monthsBetween_RPartial_YearMonth()": 0.14098304298521172,
    "org.joda.time.TestMonths.testFactory_monthsBetween_RPartial_MonthDay()": 0.28812853524830057,
    "org.joda.time.TestMonths.testFactory_monthsIn_RInterval()": 0.16528570325308123,
    "org.joda.time.TestMonths.testFactory_parseMonths_String()": 0.08306905905702273,
    "org.joda.time.TestMonths.testGetMethods()": 0.05405815227313946,
    "org.joda.time.TestMonths.testGetFieldType()": 0.04847378264657099,
    "org.joda.time.TestMonths.testGetPeriodType()": 0.04847378264657099,
    "org.joda.time.TestMonths.testIsGreaterThan()": 0.08164700696606529,
    "org.joda.time.TestMonths.testIsLessThan()": 0.08164700696606529,
    "org.joda.time.TestMonths.testToString()": 0.05941276364365795,
    "org.joda.time.TestMonths.testSerialization()": 0.04245714297939779,
    "org.joda.time.TestMonths.testPlus_int()": 0.07049333818650805,
    "org.joda.time.TestMonths.testPlus_Months()": 0.06321709671526579,
    "org.joda.time.TestMonths.testMinus_int()": 0.07049333818650805,
    "org.joda.time.TestMonths.testMinus_Months()": 0.06321709671526579,
    "org.joda.time.TestMonths.testMultipliedBy_int()": 0.058968333948230624,
    "org.joda.time.TestMonths.testDividedBy_int()": 0.08364865197570359,
    "org.joda.time.TestMonths.testNegated()": 0.06052260139873285,
    "org.joda.time.TestMonths.testAddToLocalDate()": 0.06521232477570778
}